{"cameraMode":{"drawMode":0,"name":"Shaded","section":"Shading Mode"},"sceneLighting":false,"audioPlay":false,"sceneViewState":{"m_AlwaysRefresh":false,"showFog":false,"showSkybox":false,"showFlares":false,"showImageEffects":false,"showParticleSystems":false,"showVisualEffectGraphs":true,"m_FxEnabled":true},"in2DMode":false,"pivot":{"x":2.8972132205963136,"y":30.73160743713379,"z":-27.215925216674806},"rotation":{"x":0.35625603795051577,"y":-0.06053658574819565,"z":0.033620383590459827,"w":0.9318827986717224},"size":4.593154430389404,"orthographic":false}